{"cameraMode":{"drawMode":0,"name":"Shaded","section":"Shading Mode"},"sceneLighting":true,"audioPlay":false,"sceneViewState":{"m_AlwaysRefresh":false,"showFog":true,"showSkybox":true,"showFlares":true,"showImageEffects":true,"showParticleSystems":true,"showVisualEffectGraphs":true,"m_FxEnabled":true},"in2DMode":false,"pivot":{"x":178.01785278320313,"y":-8.09328842163086,"z":180.51873779296876},"rotation":{"x":-0.13230843842029572,"y":-0.36475491523742678,"z":0.052447546273469928,"w":-0.9201589822769165},"size":79.27450561523438,"orthographic":false}