{"cameraMode":{"drawMode":0,"name":"Shaded","section":"Shading Mode"},"sceneLighting":true,"audioPlay":false,"sceneViewState":{"m_AlwaysRefresh":false,"showFog":true,"showSkybox":true,"showFlares":true,"showImageEffects":true,"showParticleSystems":true,"showVisualEffectGraphs":true,"m_FxEnabled":true},"in2DMode":false,"pivot":{"x":170.09600830078126,"y":-29.492053985595704,"z":179.34500122070313},"rotation":{"x":-0.13230843842029572,"y":-0.36475491523742678,"z":0.052447546273469928,"w":-0.9201589822769165},"size":79.71194458007813,"orthographic":false}